<Contacts>
  <Contact>
    <ContactId>97336350-0c66-47de-92b4-85e35b5d4fe1</ContactId>
    <Name>Test</Name>
    <Email>test@gmail.com</Email>
    <Subject>testssdf</Subject>
    <Message>tets</Message>
    <ContactDate>10/3/2020 4:21:46 PM</ContactDate>
  </Contact>
  <Contact>
    <ContactId>5c544162-2218-4891-86ba-f35445de359c</ContactId>
    <Name>vinay</Name>
    <Email>vinay7412369@gmail.com</Email>
    <Subject>fdshthhfsh</Subject>
    <Message>hiiii</Message>
    <ContactDate>04-06-2021 11:30:09</ContactDate>
  </Contact>
</Contacts>